"Id","IsDeleted","Name","CreatedDate","CreatedById","LastModifiedDate","LastModifiedById","SystemModstamp","ConnectionReceivedId","ConnectionSentId","LLC_BI__Classification__c","LLC_BI__Spread_Statement_Total_Group__c","LLC_BI__lookupKey__c"
"a3gDm000000g1UiIAI","","a5yDm00000008aD","2023-02-24T16:04:45.000Z","005Dm000000nnayIAA","2023-02-24T16:04:45.000Z","005Dm000000nnayIAA","","","","a3YDm000000GuC8MAK","a16Dm000000MOj2IAG","42701815092195917"
"a3gDm000000g1UjIAI","","a5yDm00000008aE","2023-02-24T16:04:45.000Z","005Dm000000nnayIAA","2023-02-24T16:04:45.000Z","005Dm000000nnayIAA","","","","a3YDm000000GuC9MAK","a16Dm000000MOj4IAG","42616096675718087"
"a3gDm000000g1UkIAI","","a5yDm00000008aF","2023-02-24T16:04:45.000Z","005Dm000000nnayIAA","2023-02-24T16:04:45.000Z","005Dm000000nnayIAA","","","","a3YDm000000GuCAMA0","a16Dm000000MOj5IAG","42435770771500016"
"a3gDm000000g1UlIAI","","a5yDm00000008aG","2023-02-24T16:04:45.000Z","005Dm000000nnayIAA","2023-02-24T16:04:45.000Z","005Dm000000nnayIAA","","","","a3YDm000000GuCBMA0","a16Dm000000MOj6IAG","42205911678961308"
"a3gDm000000g1UmIAI","","a5yDm00000008aH","2023-02-24T16:04:45.000Z","005Dm000000nnayIAA","2023-02-24T16:04:45.000Z","005Dm000000nnayIAA","","","","a3YDm000000GuCCMA0","a16Dm000000MOj7IAG","42052236131167047"
"a3gDm000000g1UnIAI","","proformadebtservice","2023-02-24T16:04:45.000Z","005Dm000000nnayIAA","2023-02-24T16:04:45.000Z","005Dm000000nnayIAA","","","","a3YDm000000GuCDMA0","a16Dm000000MOj8IAG","42052500396166288"
"a3gDm000000g1UoIAI","","a5yDm00000008aI","2023-02-24T16:04:45.000Z","005Dm000000nnayIAA","2023-02-24T16:04:45.000Z","005Dm000000nnayIAA","","","","a3YDm000000GuCEMA0","a16Dm000000MOjAIAW","42990788179812807"
"a3gDm000000g1UpIAI","","a5yDm00000008aJ","2023-02-24T16:04:45.000Z","005Dm000000nnayIAA","2023-02-24T16:04:45.000Z","005Dm000000nnayIAA","","","","a3YDm000000GuCFMA0","a16Dm000000MOjBIAW","42761053045707959"
"a3gDm000000g1UqIAI","","a5yDm00000008aK","2023-02-24T16:04:45.000Z","005Dm000000nnayIAA","2023-02-24T16:04:45.000Z","005Dm000000nnayIAA","","","","a3YDm000000GuCGMA0","a16Dm000000MOjCIAW","42191971466685651"
"a3gDm000000g1UrIAI","","a5yDm00000008aL","2023-02-24T16:04:45.000Z","005Dm000000nnayIAA","2023-02-24T16:04:45.000Z","005Dm000000nnayIAA","","","","a3YDm000000GuCHMA0","a16Dm000000MOjDIAW","42715096233007931"
"a3gDm000000g1UsIAI","","a5yDm00000008aN","2023-02-24T16:04:45.000Z","005Dm000000nnayIAA","2023-02-24T16:04:45.000Z","005Dm000000nnayIAA","","","","a3YDm000000GuCJMA0","a16Dm000000MOjFIAW","42452174968450999"
"a3gDm000000g1UtIAI","","a5yDm00000008aM","2023-02-24T16:04:45.000Z","005Dm000000nnayIAA","2023-02-24T16:04:45.000Z","005Dm000000nnayIAA","","","","a3YDm000000GuCIMA0","a16Dm000000MOjEIAW","42925681950941456"
"a3gDm000000g1UuIAI","","a5yDm00000008aO","2023-02-24T16:04:45.000Z","005Dm000000nnayIAA","2023-02-24T16:04:45.000Z","005Dm000000nnayIAA","","","","a3YDm000000GuCKMA0","a16Dm000000MOjGIAW","42441682350889848"
"a3gDm000000g1UvIAI","","a5yDm00000008aP","2023-02-24T16:04:45.000Z","005Dm000000nnayIAA","2023-02-24T16:04:45.000Z","005Dm000000nnayIAA","","","","a3YDm000000GuCLMA0","a16Dm000000MOjHIAW","42953088717309431"
"a3gDm000000g1UwIAI","","a5yDm00000008aQ","2023-02-24T16:04:45.000Z","005Dm000000nnayIAA","2023-02-24T16:04:45.000Z","005Dm000000nnayIAA","","","","a3YDm000000GuCMMA0","a16Dm000000MOjIIAW","42207110327415169"
"a3gDm000000g1UxIAI","","a5yDm00000008aR","2023-02-24T16:04:45.000Z","005Dm000000nnayIAA","2023-02-24T16:04:45.000Z","005Dm000000nnayIAA","","","","a3YDm000000GuCNMA0","a16Dm000000MOjKIAW","42812164929977448"
"a3gDm000000g1UyIAI","","a5yDm00000008aS","2023-02-24T16:04:45.000Z","005Dm000000nnayIAA","2023-02-24T16:04:45.000Z","005Dm000000nnayIAA","","","","a3YDm000000GuCOMA0","a16Dm000000MOjLIAW","42257730343573990"
"a3gDm000000g1UzIAI","","a5yDm00000008aT","2023-02-24T16:04:45.000Z","005Dm000000nnayIAA","2023-02-24T16:04:45.000Z","005Dm000000nnayIAA","","","","a3YDm000000GuCPMA0","a16Dm000000MOjMIAW","42432098752532809"
"a3gDm000000g1V0IAI","","a5yDm00000008aU","2023-02-24T16:04:45.000Z","005Dm000000nnayIAA","2023-02-24T16:04:45.000Z","005Dm000000nnayIAA","","","","a3YDm000000GuCQMA0","a16Dm000000MOjNIAW","42490691218030680"
"a3gDm000000g1V1IAI","","a5yDm00000008aV","2023-02-24T16:04:45.000Z","005Dm000000nnayIAA","2023-02-24T16:04:45.000Z","005Dm000000nnayIAA","","","","a3YDm000000GuCRMA0","a16Dm000000MOjOIAW","42939370693162148"
"a3gDm000000g1V2IAI","","Total Other Income","2023-02-24T16:04:45.000Z","005Dm000000nnayIAA","2023-02-24T16:04:45.000Z","005Dm000000nnayIAA","","","","a3YDm000000GuCSMA0","a16Dm000000MOjPIAW","42516165070544150"
"a3gDm000000g1V3IAI","","Total Other Expense","2023-02-24T16:04:45.000Z","005Dm000000nnayIAA","2023-02-24T16:04:45.000Z","005Dm000000nnayIAA","","","","a3YDm000000GuCTMA0","a16Dm000000MOjQIAW","42487866888664525"
"a3gDm000000g1V4IAI","","a5yDm00000008aW","2023-02-24T16:04:45.000Z","005Dm000000nnayIAA","2023-02-24T16:04:45.000Z","005Dm000000nnayIAA","","","","a3YDm000000GuCUMA0","a16Dm000000MOjRIAW","42787725487957083"
"a3gDm000000g1V5IAI","","a5yDm00000008aX","2023-02-24T16:04:45.000Z","005Dm000000nnayIAA","2023-02-24T16:04:45.000Z","005Dm000000nnayIAA","","","","a3YDm000000GuCVMA0","a16Dm000000MOjSIAW","42870817600513588"
"a3gDm000000g1V6IAI","","Total Minority Interest","2023-02-24T16:04:45.000Z","005Dm000000nnayIAA","2023-02-24T16:04:45.000Z","005Dm000000nnayIAA","","","","a3YDm000000GuCWMA0","a16Dm000000MOjrIAG","42619829914422793"
"a3gDm000000g1V7IAI","","a5yDm00000008aY","2023-02-24T16:04:45.000Z","005Dm000000nnayIAA","2023-02-24T16:04:45.000Z","005Dm000000nnayIAA","","","","a3YDm000000GuCXMA0","a16Dm000000MOjtIAG","42663480721395381"
"a3gDm000000g1V8IAI","","a5yDm00000008aZ","2023-02-24T16:04:45.000Z","005Dm000000nnayIAA","2023-02-24T16:04:45.000Z","005Dm000000nnayIAA","","","","a3YDm000000GuCYMA0","a16Dm000000MOjsIAG","42316147360406840"
"a3gDm000000g1V9IAI","","a5yDm00000008aa","2023-02-24T16:04:45.000Z","005Dm000000nnayIAA","2023-02-24T16:04:45.000Z","005Dm000000nnayIAA","","","","a3YDm000000GuCZMA0","a16Dm000000MOjuIAG","42026472917041212"
"a3gDm000000g1VAIAY","","a3kDm000000oXg8","2023-02-24T16:04:45.000Z","005Dm000000nnayIAA","2023-02-24T16:04:45.000Z","005Dm000000nnayIAA","","","","a3YDm000000Gu7OMAS","a16Dm000000MOjTIAW","42591590218631936"
"a3gDm000000g1VBIAY","","Total Cash and Equivalents","2023-02-24T16:04:45.000Z","005Dm000000nnayIAA","2023-02-24T16:04:45.000Z","005Dm000000nnayIAA","","","","a3YDm000000GuCaMAK","a16Dm000000MOjUIAW","42530099055084262"
"a3gDm000000g1VCIAY","","Net Trade Receivables","2023-02-24T16:04:45.000Z","005Dm000000nnayIAA","2023-02-24T16:04:45.000Z","005Dm000000nnayIAA","","","","a3YDm000000GuCbMAK","a16Dm000000MOjVIAW","42379901397426594"
"a3gDm000000g1VDIAY","","Total Inventory","2023-02-24T16:04:45.000Z","005Dm000000nnayIAA","2023-02-24T16:04:45.000Z","005Dm000000nnayIAA","","","","a3YDm000000GuCcMAK","a16Dm000000MOjWIAW","42686842276621052"
"a3gDm000000g1VEIAY","","Total Other Current Assets","2023-02-24T16:04:45.000Z","005Dm000000nnayIAA","2023-02-24T16:04:45.000Z","005Dm000000nnayIAA","","","","a3YDm000000GuCdMAK","a16Dm000000MOjXIAW","42233723025059450"
"a3gDm000000g1VFIAY","","a3gDm000000g1Yp","2023-02-24T16:04:45.000Z","005Dm000000nnayIAA","2023-02-24T16:04:45.000Z","005Dm000000nnayIAA","","","","a3YDm000000GuCeMAK","a16Dm000000MOjYIAW","42264276418190895"
"a3gDm000000g1VGIAY","","Gross Fixed Assets","2023-02-24T16:04:45.000Z","005Dm000000nnayIAA","2023-02-24T16:04:45.000Z","005Dm000000nnayIAA","","","","a3YDm000000GuCfMAK","a16Dm000000MOjZIAW","42537104408267178"
"a3gDm000000g1VHIAY","","Net Fixed Assets","2023-02-24T16:04:45.000Z","005Dm000000nnayIAA","2023-02-24T16:04:45.000Z","005Dm000000nnayIAA","","","","a3YDm000000GuCgMAK","a16Dm000000MOjaIAG","42374124980983922"
"a3gDm000000g1VIIAY","","Total Other Non Current Assets","2023-02-24T16:04:45.000Z","005Dm000000nnayIAA","2023-02-24T16:04:45.000Z","005Dm000000nnayIAA","","","","a3YDm000000GuChMAK","a16Dm000000MOjcIAG","42950436746421798"
"a3gDm000000g1VJIAY","","Total Gross Intangibles","2023-02-24T16:04:45.000Z","005Dm000000nnayIAA","2023-02-24T16:04:45.000Z","005Dm000000nnayIAA","","","","a3YDm000000GuCiMAK","a16Dm000000MOjdIAG","42371294129756571"
"a3gDm000000g1VKIAY","","Net Intangible Assets","2023-02-24T16:04:45.000Z","005Dm000000nnayIAA","2023-02-24T16:04:45.000Z","005Dm000000nnayIAA","","","","a3YDm000000GuCjMAK","a16Dm000000MOjeIAG","42660731543685265"
"a3gDm000000g1VLIAY","","a3gDm000000g1cy","2023-02-24T16:04:45.000Z","005Dm000000nnayIAA","2023-02-24T16:04:45.000Z","005Dm000000nnayIAA","","","","a3YDm000000GuCkMAK","a16Dm000000MOjbIAG","42113123491638601"
"a3gDm000000g1VMIAY","","a5yDm00000008ab","2023-02-24T16:04:45.000Z","005Dm000000nnayIAA","2023-02-24T16:04:45.000Z","005Dm000000nnayIAA","","","","a3YDm000000GuClMAK","a16Dm000000MOjfIAG","42403514941770922"
"a3gDm000000g1VNIAY","","Total Short Term Notes","2023-02-24T16:04:45.000Z","005Dm000000nnayIAA","2023-02-24T16:04:45.000Z","005Dm000000nnayIAA","","","","a3YDm000000GuCmMAK","a16Dm000000MOjgIAG","42516541379622842"
"a3gDm000000g1VOIAY","","Total Accounts Payable","2023-02-24T16:04:45.000Z","005Dm000000nnayIAA","2023-02-24T16:04:45.000Z","005Dm000000nnayIAA","","","","a3YDm000000GuCnMAK","a16Dm000000MOjhIAG","42357522554816308"
"a3gDm000000g1VPIAY","","Total Other Current Liabilities","2023-02-24T16:04:45.000Z","005Dm000000nnayIAA","2023-02-24T16:04:45.000Z","005Dm000000nnayIAA","","","","a3YDm000000GuCoMAK","a16Dm000000MOjiIAG","42825659414067041"
"a3gDm000000g1VQIAY","","a3gDm000000g1cz","2023-02-24T16:04:45.000Z","005Dm000000nnayIAA","2023-02-24T16:04:45.000Z","005Dm000000nnayIAA","","","","a3YDm000000GuCpMAK","a16Dm000000MOjjIAG","42276830144399882"
"a3gDm000000g1VRIAY","","a5yDm00000008ac","2023-02-24T16:04:45.000Z","005Dm000000nnayIAA","2023-02-24T16:04:45.000Z","005Dm000000nnayIAA","","","","a3YDm000000GuCqMAK","a16Dm000000MOjkIAG","42646584922775369"
"a3gDm000000g1VSIAY","","a5yDm00000008ad","2023-02-24T16:04:45.000Z","005Dm000000nnayIAA","2023-02-24T16:04:45.000Z","005Dm000000nnayIAA","","","","a3YDm000000GuCrMAK","a16Dm000000MOjlIAG","42706835949321674"
"a3gDm000000g1VTIAY","","a5yDm00000008ae","2023-02-24T16:04:45.000Z","005Dm000000nnayIAA","2023-02-24T16:04:45.000Z","005Dm000000nnayIAA","","","","a3YDm000000GuCsMAK","a16Dm000000MOjmIAG","42765880603678535"
"a3gDm000000g1VUIAY","","a5yDm00000008af","2023-02-24T16:04:45.000Z","005Dm000000nnayIAA","2023-02-24T16:04:45.000Z","005Dm000000nnayIAA","","","","a3YDm000000GuCeMAK","a16Dm000000MOgJIAW","42529166381921747"
"a3gDm000000g1VVIAY","","a5yDm00000008ag","2023-02-24T16:04:45.000Z","005Dm000000nnayIAA","2023-02-24T16:04:45.000Z","005Dm000000nnayIAA","","","","a3YDm000000GuCkMAK","a16Dm000000MOgKIAW","42615128526329813"
"a3gDm000000g1VWIAY","","a5yDm00000008ah","2023-02-24T16:04:45.000Z","005Dm000000nnayIAA","2023-02-24T16:04:45.000Z","005Dm000000nnayIAA","","","","a3YDm000000GuClMAK","a16Dm000000MOgLIAW","42054249331488447"
"a3gDm000000g1VXIAY","","a5yDm00000008ai","2023-02-24T16:04:45.000Z","005Dm000000nnayIAA","2023-02-24T16:04:45.000Z","005Dm000000nnayIAA","","","","a3YDm000000GuCpMAK","a16Dm000000MOgMIAW","42862060951157228"
"a3gDm000000g1VYIAY","","a5yDm00000008aj","2023-02-24T16:04:45.000Z","005Dm000000nnayIAA","2023-02-24T16:04:45.000Z","005Dm000000nnayIAA","","","","a3YDm000000GuCqMAK","a16Dm000000MOgNIAW","42625076193808641"
"a3gDm000000g1VZIAY","","a5yDm00000008ak","2023-02-24T16:04:45.000Z","005Dm000000nnayIAA","2023-02-24T16:04:45.000Z","005Dm000000nnayIAA","","","","a3YDm000000GuCrMAK","a16Dm000000MOgOIAW","42893294590748382"
"a3gDm000000g1VaIAI","","a5yDm00000008al","2023-02-24T16:04:45.000Z","005Dm000000nnayIAA","2023-02-24T16:04:45.000Z","005Dm000000nnayIAA","","","","a3YDm000000GuCtMAK","a16Dm000000MOgPIAW","42193401183343836"
"a3gDm000000g1VbIAI","","a5yDm00000008am","2023-02-24T16:04:45.000Z","005Dm000000nnayIAA","2023-02-24T16:04:45.000Z","005Dm000000nnayIAA","","","","a3YDm000000GuCAMA0","a16Dm000000MOgQIAW","42050553807544192"
"a3gDm000000g1VcIAI","","a5yDm00000008an","2023-02-24T16:04:45.000Z","005Dm000000nnayIAA","2023-02-24T16:04:45.000Z","005Dm000000nnayIAA","","","","a3YDm000000GuCuMAK","a16Dm000000MOgRIAW","42242593063924749"
"a3gDm000000g1VdIAI","","a5yDm00000008ao","2023-02-24T16:04:45.000Z","005Dm000000nnayIAA","2023-02-24T16:04:45.000Z","005Dm000000nnayIAA","","","","a3YDm000000GuCNMA0","a16Dm000000MOgaIAG","42252258514286011"
"a3gDm000000g1VeIAI","","a5yDm00000008ap","2023-02-24T16:04:45.000Z","005Dm000000nnayIAA","2023-02-24T16:04:45.000Z","005Dm000000nnayIAA","","","","a3YDm000000GuCOMA0","a16Dm000000MOgbIAG","42367288021886331"
"a3gDm000000g1VfIAI","","a5yDm00000008aq","2023-02-24T16:04:45.000Z","005Dm000000nnayIAA","2023-02-24T16:04:45.000Z","005Dm000000nnayIAA","","","","a3YDm000000GuCPMA0","a16Dm000000MOgcIAG","42985485365915114"
"a3gDm000000g1VgIAI","","a5yDm00000008ar","2023-02-24T16:04:45.000Z","005Dm000000nnayIAA","2023-02-24T16:04:45.000Z","005Dm000000nnayIAA","","","","a3YDm000000GuCRMA0","a16Dm000000MOgeIAG","42262940516487408"
"a3gDm000000g1VhIAI","","a5yDm00000008at","2023-02-24T16:04:45.000Z","005Dm000000nnayIAA","2023-02-24T16:04:45.000Z","005Dm000000nnayIAA","","","","a3YDm000000GuCvMAK","a16Dm000000MOgfIAG","42294116921511976"
"a3gDm000000g1ViIAI","","a5yDm00000008as","2023-02-24T16:04:45.000Z","005Dm000000nnayIAA","2023-02-24T16:04:45.000Z","005Dm000000nnayIAA","","","","a3YDm000000GuCUMA0","a16Dm000000MOggIAG","42687166487278202"
"a3gDm000000g1VjIAI","","a5yDm00000008au","2023-02-24T16:04:45.000Z","005Dm000000nnayIAA","2023-02-24T16:04:45.000Z","005Dm000000nnayIAA","","","","a3YDm000000GuCVMA0","a16Dm000000MOghIAG","42800151415349232"
"a3gDm000000g1VkIAI","","a5yDm00000008av","2023-02-24T16:04:45.000Z","005Dm000000nnayIAA","2023-02-24T16:04:45.000Z","005Dm000000nnayIAA","","","","a3YDm000000GuCYMA0","a16Dm000000MOgiIAG","42831943640730185"
"a3gDm000000g1VlIAI","","a5yDm00000008aw","2023-02-24T16:04:45.000Z","005Dm000000nnayIAA","2023-02-24T16:04:45.000Z","005Dm000000nnayIAA","","","","a3YDm000000GuCXMA0","a16Dm000000MOgjIAG","42456696309484614"
"a3gDm000000g1VmIAI","","a5yDm00000008ax","2023-02-24T16:04:45.000Z","005Dm000000nnayIAA","2023-02-24T16:04:45.000Z","005Dm000000nnayIAA","","","","a3YDm000000GuCZMA0","a16Dm000000MOgkIAG","42680314573329189"
"a3gDm000000g1VnIAI","","a5yDm00000008ay","2023-02-24T16:04:45.000Z","005Dm000000nnayIAA","2023-02-24T16:04:45.000Z","005Dm000000nnayIAA","","","","a3YDm000000Gu7OMAS","a16Dm000000MOglIAG","42496268631126548"
"a3gDm000000g1VoIAI","","a5yDm00000008az","2023-02-24T16:04:45.000Z","005Dm000000nnayIAA","2023-02-24T16:04:45.000Z","005Dm000000nnayIAA","","","","a3YDm000000GuCBMA0","a16Dm000000MOgmIAG","42534430574358313"
"a3gDm000000g1VpIAI","","a5yDm00000008b0","2023-02-24T16:04:45.000Z","005Dm000000nnayIAA","2023-02-24T16:04:45.000Z","005Dm000000nnayIAA","","","","a3YDm000000GuCCMA0","a16Dm000000MOgnIAG","42156691367111357"
"a3gDm000000g1VqIAI","","a5yDm00000008b2","2023-02-24T16:04:45.000Z","005Dm000000nnayIAA","2023-02-24T16:04:45.000Z","005Dm000000nnayIAA","","","","a3YDm000000GuCDMA0","a16Dm000000MOgoIAG","42022184342966776"
"a3gDm000000g1VrIAI","","a5yDm00000008b3","2023-02-24T16:04:45.000Z","005Dm000000nnayIAA","2023-02-24T16:04:45.000Z","005Dm000000nnayIAA","","","","a3YDm000000GuCwMAK","a16Dm000000MOgqIAG","42934119604943056"
"a3gDm000000g1VsIAI","","a5yDm00000008b1","2023-02-24T16:04:45.000Z","005Dm000000nnayIAA","2023-02-24T16:04:45.000Z","005Dm000000nnayIAA","","","","a3YDm000000GuCxMAK","a16Dm000000MOgrIAG","42910178144393915"
"a3gDm000000g1VtIAI","","a5yDm00000008b4","2023-02-24T16:04:45.000Z","005Dm000000nnayIAA","2023-02-24T16:04:45.000Z","005Dm000000nnayIAA","","","","a3YDm000000GuCyMAK","a16Dm000000MOgsIAG","42437399167200281"
"a3gDm000000g1VuIAI","","a5yDm00000008b5","2023-02-24T16:04:45.000Z","005Dm000000nnayIAA","2023-02-24T16:04:45.000Z","005Dm000000nnayIAA","","","","a3YDm000000GuCzMAK","a16Dm000000MOguIAG","42935920166063361"
"a3gDm000000g1VvIAI","","a5yDm00000008b6","2023-02-24T16:04:45.000Z","005Dm000000nnayIAA","2023-02-24T16:04:45.000Z","005Dm000000nnayIAA","","","","a3YDm000000GuCQMA0","a16Dm000000MOgdIAG","42613641652274191"
"a3gDm000000g1VwIAI","","a5yDm00000008b7","2023-02-24T16:04:45.000Z","005Dm000000nnayIAA","2023-02-24T16:04:45.000Z","005Dm000000nnayIAA","","","","a3YDm000000GuD0MAK","a16Dm000000MOgvIAG","42705532939685252"
"a3gDm000000g1VxIAI","","a5yDm00000008b8","2023-02-24T16:04:45.000Z","005Dm000000nnayIAA","2023-02-24T16:04:45.000Z","005Dm000000nnayIAA","","","","a3YDm000000GuD1MAK","a16Dm000000MOgwIAG","4279132151806066"
"a3gDm000000g1VyIAI","","a5yDm00000008b9","2023-02-24T16:04:45.000Z","005Dm000000nnayIAA","2023-02-24T16:04:45.000Z","005Dm000000nnayIAA","","","","a3YDm000000GuD2MAK","a16Dm000000MOgtIAG","42459424860780362"
"a3gDm000000g1VzIAI","","a5yDm00000008bA","2023-02-24T16:04:45.000Z","005Dm000000nnayIAA","2023-02-24T16:04:45.000Z","005Dm000000nnayIAA","","","","a3YDm000000GuD3MAK","a16Dm000000MOh0IAG","42262272360575318"
"a3gDm000000g1W0IAI","","a5yDm00000008bB","2023-02-24T16:04:45.000Z","005Dm000000nnayIAA","2023-02-24T16:04:45.000Z","005Dm000000nnayIAA","","","","a3YDm000000GuCtMAK","a16Dm000000MOjnIAG","42300919856385740"
"a3gDm000000g1W1IAI","","a5yDm00000008bC","2023-02-24T16:04:45.000Z","005Dm000000nnayIAA","2023-02-24T16:04:45.000Z","005Dm000000nnayIAA","","","","a3YDm000000GuCAMA0","a16Dm000000MOjoIAG","42982765655156760"
"a3gDm000000g1W2IAI","","a5yDm00000008bD","2023-02-24T16:04:45.000Z","005Dm000000nnayIAA","2023-02-24T16:04:45.000Z","005Dm000000nnayIAA","","","","a3YDm000000GuD4MAK","a16Dm000000MOgxIAG","42424771161578543"
"a3gDm000000g1W3IAI","","a5yDm00000008bE","2023-02-24T16:04:45.000Z","005Dm000000nnayIAA","2023-02-24T16:04:45.000Z","005Dm000000nnayIAA","","","","a3YDm000000GuD5MAK","a16Dm000000MOgyIAG","42582637683594777"
"a3gDm000000g1W4IAI","","a5yDm00000008bF","2023-02-24T16:04:45.000Z","005Dm000000nnayIAA","2023-02-24T16:04:45.000Z","005Dm000000nnayIAA","","","","a3YDm000000GuD6MAK","a16Dm000000MOgzIAG","42633620225767069"
"a3gDm000000g1W5IAI","","a5yDm00000008bG","2023-02-24T16:04:45.000Z","005Dm000000nnayIAA","2023-02-24T16:04:45.000Z","005Dm000000nnayIAA","","","","a3YDm000000GuD7MAK","a16Dm000000MOh1IAG","42349255029787872"
"a3gDm000000g1W6IAI","","a5yDm00000008bH","2023-02-24T16:04:45.000Z","005Dm000000nnayIAA","2023-02-24T16:04:45.000Z","005Dm000000nnayIAA","","","","a3YDm000000GuD8MAK","a16Dm000000MOh3IAG","42382648727168838"
"a3gDm000000g1W7IAI","","a5yDm00000008bI","2023-02-24T16:04:45.000Z","005Dm000000nnayIAA","2023-02-24T16:04:45.000Z","005Dm000000nnayIAA","","","","a3YDm000000GuD9MAK","a16Dm000000MOh4IAG","42099746917916852"
"a3gDm000000g1W8IAI","","a5yDm00000008bJ","2023-02-24T16:04:45.000Z","005Dm000000nnayIAA","2023-02-24T16:04:45.000Z","005Dm000000nnayIAA","","","","a3YDm000000GuDAMA0","a16Dm000000MOh5IAG","42712052215817314"
"a3gDm000000g1W9IAI","","a5yDm00000008bK","2023-02-24T16:04:45.000Z","005Dm000000nnayIAA","2023-02-24T16:04:45.000Z","005Dm000000nnayIAA","","","","a3YDm000000GuDBMA0","a16Dm000000MOh7IAG","42720057525312527"
"a3gDm000000g1WAIAY","","a5yDm00000008bL","2023-02-24T16:04:45.000Z","005Dm000000nnayIAA","2023-02-24T16:04:45.000Z","005Dm000000nnayIAA","","","","a3YDm000000GuDCMA0","a16Dm000000MOh8IAG","42622134494188427"
"a3gDm000000g1WBIAY","","a5yDm00000008bM","2023-02-24T16:04:45.000Z","005Dm000000nnayIAA","2023-02-24T16:04:45.000Z","005Dm000000nnayIAA","","","","a3YDm000000GuDDMA0","a16Dm000000MOh9IAG","42698198477025253"
"a3gDm000000g1WCIAY","","a5yDm00000008bN","2023-02-24T16:04:45.000Z","005Dm000000nnayIAA","2023-02-24T16:04:45.000Z","005Dm000000nnayIAA","","","","a3YDm000000GuDEMA0","a16Dm000000MOh6IAG","42314357093115738"
"a3gDm000000g1WDIAY","","a5yDm00000008bO","2023-02-24T16:04:45.000Z","005Dm000000nnayIAA","2023-02-24T16:04:45.000Z","005Dm000000nnayIAA","","","","a3YDm000000GuDFMA0","a16Dm000000MOhAIAW","42976559829249084"
"a3gDm000000g1WEIAY","","a5yDm00000008bP","2023-02-24T16:04:45.000Z","005Dm000000nnayIAA","2023-02-24T16:04:45.000Z","005Dm000000nnayIAA","","","","a3YDm000000GuDGMA0","a16Dm000000MOhBIAW","42623736518220014"
"a3gDm000000g1WFIAY","","a5yDm00000008bQ","2023-02-24T16:04:45.000Z","005Dm000000nnayIAA","2023-02-24T16:04:45.000Z","005Dm000000nnayIAA","","","","a3YDm000000GuDHMA0","a16Dm000000MOhEIAW","42522608483847095"
"a3gDm000000g1WGIAY","","a5yDm00000008bR","2023-02-24T16:04:45.000Z","005Dm000000nnayIAA","2023-02-24T16:04:45.000Z","005Dm000000nnayIAA","","","","a3YDm000000GuCAMA0","a16Dm000000MOhDIAW","42854018633259855"
"a3gDm000000g1WHIAY","","a5yDm00000008bS","2023-02-24T16:04:45.000Z","005Dm000000nnayIAA","2023-02-24T16:04:45.000Z","005Dm000000nnayIAA","","","","a3YDm000000GuDIMA0","a16Dm000000MOhFIAW","42718847883012528"
"a3gDm000000g1WIIAY","","a5yDm00000008bT","2023-02-24T16:04:45.000Z","005Dm000000nnayIAA","2023-02-24T16:04:45.000Z","005Dm000000nnayIAA","","","","a3YDm000000GuC8MAK","a16Dm000000MOhCIAW","42445878147996454"
"a3gDm000000g1WJIAY","","a5yDm00000008bU","2023-02-24T16:04:45.000Z","005Dm000000nnayIAA","2023-02-24T16:04:45.000Z","005Dm000000nnayIAA","","","","a3YDm000000GuC9MAK","a16Dm000000MOhHIAW","42760436113612707"
"a3gDm000000g1WKIAY","","totalassets","2023-02-24T16:04:45.000Z","005Dm000000nnayIAA","2023-02-24T16:04:45.000Z","005Dm000000nnayIAA","","","","a3YDm000000GuDJMA0","a16Dm000000MOflIAG","pfstotalassets"
"a3gDm000000g1WLIAY","","a5yDm00000008bV","2023-02-24T16:04:45.000Z","005Dm000000nnayIAA","2023-02-24T16:04:45.000Z","005Dm000000nnayIAA","","","","a3YDm000000GuCAMA0","a16Dm000000MOhIIAW","42615966716940833"
"a3gDm000000g1WMIAY","","a5yDm00000008bW","2023-02-24T16:04:45.000Z","005Dm000000nnayIAA","2023-02-24T16:04:45.000Z","005Dm000000nnayIAA","","","","a3YDm000000GuDKMA0","a16Dm000000MOh2IAG","42097011016890176"
"a3gDm000000g1WNIAY","","pfsadjustednetworth","2023-02-24T16:04:45.000Z","005Dm000000nnayIAA","2023-02-24T16:04:45.000Z","005Dm000000nnayIAA","","","","a3YDm000000GuDLMA0","a16Dm000000MOfmIAG","pfsadjustednetworthlk"
"a3gDm000000g1WOIAY","","pfsstatednetworth","2023-02-24T16:04:45.000Z","005Dm000000nnayIAA","2023-02-24T16:04:45.000Z","005Dm000000nnayIAA","","","","a3YDm000000GuDMMA0","a16Dm000000MOfnIAG","pfsstatednetworthlk"
"a3gDm000000g1WPIAY","","schecf","2023-02-24T16:04:45.000Z","005Dm000000nnayIAA","2023-02-24T16:04:45.000Z","005Dm000000nnayIAA","","","","a3YDm000000GuDNMA0","a16Dm000000MOfrIAG","schecflk"
"a3gDm000000g1WQIAY","","totalds","2023-02-24T16:04:45.000Z","005Dm000000nnayIAA","2023-02-24T16:04:45.000Z","005Dm000000nnayIAA","","","","a3YDm000000GuDOMA0","a16Dm000000MOfsIAG","totaldslk"
"a3gDm000000g1WRIAY","","schfcashflow","2023-02-24T16:04:45.000Z","005Dm000000nnayIAA","2023-02-24T16:04:45.000Z","005Dm000000nnayIAA","","","","a3YDm000000GuDPMA0","a16Dm000000MOftIAG","schfcashflowlk"
"a3gDm000000g1WSIAY","","tcfgrosscf","2023-02-24T16:04:45.000Z","005Dm000000nnayIAA","2023-02-24T16:04:45.000Z","005Dm000000nnayIAA","","","","a3YDm000000GuDQMA0","a16Dm000000MOfuIAG","tcfgrosscflk"
"a3gDm000000g1WTIAY","","schcnetincome","2023-02-24T16:04:45.000Z","005Dm000000nnayIAA","2023-02-24T16:04:45.000Z","005Dm000000nnayIAA","","","","a3YDm000000GuDRMA0","a16Dm000000MOg3IAG","schcnetincomelk"
"a3gDm000000g1WUIAY","","netcashflow","2023-02-24T16:04:45.000Z","005Dm000000nnayIAA","2023-02-24T16:04:45.000Z","005Dm000000nnayIAA","","","","a3YDm000000GuDSMA0","a16Dm000000MOfvIAG","netcashflowlk"
"a3gDm000000g1WVIAY","","totalschccashflow","2023-02-24T16:04:45.000Z","005Dm000000nnayIAA","2023-02-24T16:04:45.000Z","005Dm000000nnayIAA","","","","a3YDm000000GuDTMA0","a16Dm000000MOfwIAG","totalschccashflowlk"
"a3gDm000000g1WWIAY","","schcgrossincome","2023-02-24T16:04:45.000Z","005Dm000000nnayIAA","2023-02-24T16:04:45.000Z","005Dm000000nnayIAA","","","","a3YDm000000GuDUMA0","a16Dm000000MOg2IAG","schcgrossincomelk"
"a3gDm000000g1WXIAY","","schctotalexp","2023-02-24T16:04:45.000Z","005Dm000000nnayIAA","2023-02-24T16:04:45.000Z","005Dm000000nnayIAA","","","","a3YDm000000GuDVMA0","a16Dm000000MOg4IAG","schctotalexplk"
"a3gDm000000g1WYIAY","","schccashflow","2023-02-24T16:04:45.000Z","005Dm000000nnayIAA","2023-02-24T16:04:45.000Z","005Dm000000nnayIAA","","","","a3YDm000000GuDWMA0","a16Dm000000MOg5IAG","schccashflowlk"
"a3gDm000000g1WZIAY","","grossprofitschc","2023-02-24T16:04:45.000Z","005Dm000000nnayIAA","2023-02-24T16:04:45.000Z","005Dm000000nnayIAA","","","","a3YDm000000GuDXMA0","a16Dm000000MOg6IAG","grossprofitschclk"
"a3gDm000000g1WaIAI","","schetotalincome","2023-02-24T16:04:45.000Z","005Dm000000nnayIAA","2023-02-24T16:04:45.000Z","005Dm000000nnayIAA","","","","a3YDm000000GuDYMA0","a16Dm000000MOg9IAG","schetotalincomelk"
"a3gDm000000g1WbIAI","","schetotalexpenses","2023-02-24T16:04:45.000Z","005Dm000000nnayIAA","2023-02-24T16:04:45.000Z","005Dm000000nnayIAA","","","","a3YDm000000GuDZMA0","a16Dm000000MOgAIAW","schetotalexpenseslk"
"a3gDm000000g1WcIAI","","netincomesche","2023-02-24T16:04:45.000Z","005Dm000000nnayIAA","2023-02-24T16:04:45.000Z","005Dm000000nnayIAA","","","","a3YDm000000GuDaMAK","a16Dm000000MOgBIAW","netincomeschelk"
"a3gDm000000g1WdIAI","","farmincome","2023-02-24T16:04:45.000Z","005Dm000000nnayIAA","2023-02-24T16:04:45.000Z","005Dm000000nnayIAA","","","","a3YDm000000GuDbMAK","a16Dm000000MOgFIAW","farmincomelk"
"a3gDm000000g1WeIAI","","schfnetincome","2023-02-24T16:04:45.000Z","005Dm000000nnayIAA","2023-02-24T16:04:45.000Z","005Dm000000nnayIAA","","","","a3YDm000000GuDcMAK","a16Dm000000MOgGIAW","schfnetincomelk"
"a3gDm000000g1WfIAI","","schftotalexp","2023-02-24T16:04:45.000Z","005Dm000000nnayIAA","2023-02-24T16:04:45.000Z","005Dm000000nnayIAA","","","","a3YDm000000GuDdMAK","a16Dm000000MOgHIAW","schftotalexplk"
"a3gDm000000g1WgIAI","","a5yDm00000008bX","2023-02-24T16:04:45.000Z","005Dm000000nnayIAA","2023-02-24T16:04:45.000Z","005Dm000000nnayIAA","","","","a3YDm000000GuCwMAK","a16Dm000000MOhJIAW","42404461873499679"
"a3gDm000000g1WhIAI","","a5yDm00000008bY","2023-02-24T16:04:45.000Z","005Dm000000nnayIAA","2023-02-24T16:04:45.000Z","005Dm000000nnayIAA","","","","a3YDm000000GuCxMAK","a16Dm000000MOhKIAW","42497807682917042"
"a3gDm000000g1WiIAI","","a5yDm00000008bZ","2023-02-24T16:04:45.000Z","005Dm000000nnayIAA","2023-02-24T16:04:45.000Z","005Dm000000nnayIAA","","","","a3YDm000000GuCyMAK","a16Dm000000MOhLIAW","42300767753505595"
"a3gDm000000g1WjIAI","","a5yDm00000008ba","2023-02-24T16:04:45.000Z","005Dm000000nnayIAA","2023-02-24T16:04:45.000Z","005Dm000000nnayIAA","","","","a3YDm000000GuCzMAK","a16Dm000000MOhNIAW","42898818149769199"
"a3gDm000000g1WkIAI","","a5yDm00000008bb","2023-02-24T16:04:45.000Z","005Dm000000nnayIAA","2023-02-24T16:04:45.000Z","005Dm000000nnayIAA","","","","a3YDm000000GuD0MAK","a16Dm000000MOhOIAW","42462782797670889"
"a3gDm000000g1WlIAI","","a5yDm00000008bc","2023-02-24T16:04:45.000Z","005Dm000000nnayIAA","2023-02-24T16:04:45.000Z","005Dm000000nnayIAA","","","","a3YDm000000GuD1MAK","a16Dm000000MOhPIAW","42581139636734291"
"a3gDm000000g1WmIAI","","a5yDm00000008bd","2023-02-24T16:04:45.000Z","005Dm000000nnayIAA","2023-02-24T16:04:45.000Z","005Dm000000nnayIAA","","","","a3YDm000000GuD2MAK","a16Dm000000MOhMIAW","42882495156060515"
"a3gDm000000g1WnIAI","","a5yDm00000008be","2023-02-24T16:04:45.000Z","005Dm000000nnayIAA","2023-02-24T16:04:45.000Z","005Dm000000nnayIAA","","","","a3YDm000000GuD4MAK","a16Dm000000MOhQIAW","42755647476803159"
"a3gDm000000g1WoIAI","","a5yDm00000008bf","2023-02-24T16:04:45.000Z","005Dm000000nnayIAA","2023-02-24T16:04:45.000Z","005Dm000000nnayIAA","","","","a3YDm000000GuD5MAK","a16Dm000000MOhRIAW","42806915742260478"
"a3gDm000000g1WpIAI","","a5yDm00000008bg","2023-02-24T16:04:45.000Z","005Dm000000nnayIAA","2023-02-24T16:04:45.000Z","005Dm000000nnayIAA","","","","a3YDm000000GuD6MAK","a16Dm000000MOhSIAW","42722044487353251"
"a3gDm000000g1WqIAI","","a5yDm00000008bh","2023-02-24T16:04:45.000Z","005Dm000000nnayIAA","2023-02-24T16:04:45.000Z","005Dm000000nnayIAA","","","","a3YDm000000GuD3MAK","a16Dm000000MOhTIAW","42214180433275861"
"a3gDm000000g1WrIAI","","a5yDm00000008bi","2023-02-24T16:04:45.000Z","005Dm000000nnayIAA","2023-02-24T16:04:45.000Z","005Dm000000nnayIAA","","","","a3YDm000000GuD7MAK","a16Dm000000MOhUIAW","42058576649492746"
"a3gDm000000g1WsIAI","","a5yDm00000008bj","2023-02-24T16:04:45.000Z","005Dm000000nnayIAA","2023-02-24T16:04:45.000Z","005Dm000000nnayIAA","","","","a3YDm000000GuDKMA0","a16Dm000000MOhVIAW","42790987953905419"
"a3gDm000000g1WtIAI","","a5yDm00000008bk","2023-02-24T16:04:45.000Z","005Dm000000nnayIAA","2023-02-24T16:04:45.000Z","005Dm000000nnayIAA","","","","a3YDm000000GuD8MAK","a16Dm000000MOhWIAW","42107405038253799"
"a3gDm000000g1WuIAI","","a5yDm00000008bl","2023-02-24T16:04:45.000Z","005Dm000000nnayIAA","2023-02-24T16:04:45.000Z","005Dm000000nnayIAA","","","","a3YDm000000GuD9MAK","a16Dm000000MOhXIAW","42424752875904899"
"a3gDm000000g1WvIAI","","a5yDm00000008bn","2023-02-24T16:04:45.000Z","005Dm000000nnayIAA","2023-02-24T16:04:45.000Z","005Dm000000nnayIAA","","","","a3YDm000000GuDBMA0","a16Dm000000MOhZIAW","42050351744082340"
"a3gDm000000g1WwIAI","","a5yDm00000008bm","2023-02-24T16:04:45.000Z","005Dm000000nnayIAA","2023-02-24T16:04:45.000Z","005Dm000000nnayIAA","","","","a3YDm000000GuDAMA0","a16Dm000000MOhYIAW","42998284406400256"
"a3gDm000000g1WxIAI","","a5yDm00000008bo","2023-02-24T16:04:45.000Z","005Dm000000nnayIAA","2023-02-24T16:04:45.000Z","005Dm000000nnayIAA","","","","a3YDm000000GuDFMA0","a16Dm000000MOhdIAG","42968584659287278"
"a3gDm000000g1WyIAI","","a5yDm00000008bp","2023-02-24T16:04:45.000Z","005Dm000000nnayIAA","2023-02-24T16:04:45.000Z","005Dm000000nnayIAA","","","","a3YDm000000GuDCMA0","a16Dm000000MOhaIAG","42967055172437515"
"a3gDm000000g1WzIAI","","a5yDm00000008bq","2023-02-24T16:04:45.000Z","005Dm000000nnayIAA","2023-02-24T16:04:45.000Z","005Dm000000nnayIAA","","","","a3YDm000000GuDDMA0","a16Dm000000MOhbIAG","42141631876778690"
"a3gDm000000g1X0IAI","","a5yDm00000008br","2023-02-24T16:04:45.000Z","005Dm000000nnayIAA","2023-02-24T16:04:45.000Z","005Dm000000nnayIAA","","","","a3YDm000000GuDEMA0","a16Dm000000MOhcIAG","42878886704031798"
"a3gDm000000g1X1IAI","","a5yDm00000008bs","2023-02-24T16:04:45.000Z","005Dm000000nnayIAA","2023-02-24T16:04:45.000Z","005Dm000000nnayIAA","","","","a3YDm000000GuDGMA0","a16Dm000000MOheIAG","42119693395769258"
"a3gDm000000g1X2IAI","","a5yDm00000008bt","2023-02-24T16:04:45.000Z","005Dm000000nnayIAA","2023-02-24T16:04:45.000Z","005Dm000000nnayIAA","","","","a3YDm000000GuCuMAK","a16Dm000000MOhgIAG","42497215236720394"
"a3gDm000000g1X3IAI","","a5yDm00000008bu","2023-02-24T16:04:45.000Z","005Dm000000nnayIAA","2023-02-24T16:04:45.000Z","005Dm000000nnayIAA","","","","a3YDm000000GuDHMA0","a16Dm000000MOhpIAG","42046016267009992"
"a3gDm000000g1X4IAI","","a5yDm00000008aD","2023-02-24T16:04:45.000Z","005Dm000000nnayIAA","2023-02-24T16:04:45.000Z","005Dm000000nnayIAA","","","","a3YDm000000GuC8MAK","a16Dm000000MOhsIAG","42876060770618969"
"a3gDm000000g1X5IAI","","a5yDm00000008bv","2023-02-24T16:04:45.000Z","005Dm000000nnayIAA","2023-02-24T16:04:45.000Z","005Dm000000nnayIAA","","","","a3YDm000000GuDIMA0","a16Dm000000MOhqIAG","42458980071490239"
"a3gDm000000g1X6IAI","","a5yDm00000008aE","2023-02-24T16:04:45.000Z","005Dm000000nnayIAA","2023-02-24T16:04:45.000Z","005Dm000000nnayIAA","","","","a3YDm000000GuC9MAK","a16Dm000000MOhuIAG","42259815455963434"
"a3gDm000000g1X7IAI","","a5yDm00000008aF","2023-02-24T16:04:45.000Z","005Dm000000nnayIAA","2023-02-24T16:04:45.000Z","005Dm000000nnayIAA","","","","a3YDm000000GuCAMA0","a16Dm000000MOhrIAG","42303117111741440"
"a3gDm000000g1X8IAI","","a5yDm00000008aG","2023-02-24T16:04:45.000Z","005Dm000000nnayIAA","2023-02-24T16:04:45.000Z","005Dm000000nnayIAA","","","","a3YDm000000GuCBMA0","a16Dm000000MOhvIAG","42767962495207150"
"a3gDm000000g1X9IAI","","a5yDm00000008aH","2023-02-24T16:04:45.000Z","005Dm000000nnayIAA","2023-02-24T16:04:45.000Z","005Dm000000nnayIAA","","","","a3YDm000000GuCCMA0","a16Dm000000MOhwIAG","42231854014440049"
"a3gDm000000g1XAIAY","","a5yDm00000008aK","2023-02-24T16:04:45.000Z","005Dm000000nnayIAA","2023-02-24T16:04:45.000Z","005Dm000000nnayIAA","","","","a3YDm000000GuCGMA0","a16Dm000000MOi1IAG","42683827427550157"
"a3gDm000000g1XBIAY","","proformadebtservice","2023-02-24T16:04:45.000Z","005Dm000000nnayIAA","2023-02-24T16:04:45.000Z","005Dm000000nnayIAA","","","","a3YDm000000GuCDMA0","a16Dm000000MOhxIAG","42624222486999294"
"a3gDm000000g1XCIAY","","a5yDm00000008aI","2023-02-24T16:04:45.000Z","005Dm000000nnayIAA","2023-02-24T16:04:45.000Z","005Dm000000nnayIAA","","","","a3YDm000000GuCEMA0","a16Dm000000MOhzIAG","42494033498749911"
"a3gDm000000g1XDIAY","","a5yDm00000008aJ","2023-02-24T16:04:45.000Z","005Dm000000nnayIAA","2023-02-24T16:04:45.000Z","005Dm000000nnayIAA","","","","a3YDm000000GuCFMA0","a16Dm000000MOi0IAG","42292127621075280"
"a3gDm000000g1XEIAY","","a5yDm00000008aL","2023-02-24T16:04:45.000Z","005Dm000000nnayIAA","2023-02-24T16:04:45.000Z","005Dm000000nnayIAA","","","","a3YDm000000GuCHMA0","a16Dm000000MOi2IAG","42766420139259774"
"a3gDm000000g1XFIAY","","a5yDm00000008aM","2023-02-24T16:04:45.000Z","005Dm000000nnayIAA","2023-02-24T16:04:45.000Z","005Dm000000nnayIAA","","","","a3YDm000000GuCIMA0","a16Dm000000MOi3IAG","42631487387069239"
"a3gDm000000g1XGIAY","","a5yDm00000008aN","2023-02-24T16:04:45.000Z","005Dm000000nnayIAA","2023-02-24T16:04:45.000Z","005Dm000000nnayIAA","","","","a3YDm000000GuCJMA0","a16Dm000000MOi4IAG","42861383335645680"
"a3gDm000000g1XHIAY","","a5yDm00000008aO","2023-02-24T16:04:45.000Z","005Dm000000nnayIAA","2023-02-24T16:04:45.000Z","005Dm000000nnayIAA","","","","a3YDm000000GuCKMA0","a16Dm000000MOi5IAG","42172022687833088"
"a3gDm000000g1XIIAY","","a5yDm00000008aP","2023-02-24T16:04:45.000Z","005Dm000000nnayIAA","2023-02-24T16:04:45.000Z","005Dm000000nnayIAA","","","","a3YDm000000GuCLMA0","a16Dm000000MOi6IAG","42618564978871112"
"a3gDm000000g1XJIAY","","a5yDm00000008aQ","2023-02-24T16:04:45.000Z","005Dm000000nnayIAA","2023-02-24T16:04:45.000Z","005Dm000000nnayIAA","","","","a3YDm000000GuCMMA0","a16Dm000000MOi7IAG","42915192796007035"
"a3gDm000000g1XKIAY","","a5yDm00000008aR","2023-02-24T16:04:45.000Z","005Dm000000nnayIAA","2023-02-24T16:04:45.000Z","005Dm000000nnayIAA","","","","a3YDm000000GuCNMA0","a16Dm000000MOi9IAG","42188174937398631"
"a3gDm000000g1XLIAY","","a5yDm00000008aS","2023-02-24T16:04:45.000Z","005Dm000000nnayIAA","2023-02-24T16:04:45.000Z","005Dm000000nnayIAA","","","","a3YDm000000GuCOMA0","a16Dm000000MOiAIAW","42991413703690579"
"a3gDm000000g1XMIAY","","a5yDm00000008aT","2023-02-24T16:04:45.000Z","005Dm000000nnayIAA","2023-02-24T16:04:45.000Z","005Dm000000nnayIAA","","","","a3YDm000000GuCPMA0","a16Dm000000MOiBIAW","42193264717420154"
"a3gDm000000g1XNIAY","","a5yDm00000008aU","2023-02-24T16:04:45.000Z","005Dm000000nnayIAA","2023-02-24T16:04:45.000Z","005Dm000000nnayIAA","","","","a3YDm000000GuCQMA0","a16Dm000000MOiCIAW","42417520836595862"
"a3gDm000000g1XOIAY","","a5yDm00000008aV","2023-02-24T16:04:45.000Z","005Dm000000nnayIAA","2023-02-24T16:04:45.000Z","005Dm000000nnayIAA","","","","a3YDm000000GuCRMA0","a16Dm000000MOiDIAW","42424889340966659"
"a3gDm000000g1XPIAY","","a5yDm00000008bw","2023-02-24T16:04:45.000Z","005Dm000000nnayIAA","2023-02-24T16:04:45.000Z","005Dm000000nnayIAA","","","","a3YDm000000GuCvMAK","a16Dm000000MOiEIAW","42451355224754795"
"a3gDm000000g1XQIAY","","a5yDm00000008aW","2023-02-24T16:04:45.000Z","005Dm000000nnayIAA","2023-02-24T16:04:45.000Z","005Dm000000nnayIAA","","","","a3YDm000000GuCUMA0","a16Dm000000MOiFIAW","42359043388732871"
"a3gDm000000g1XRIAY","","a5yDm00000008aX","2023-02-24T16:04:45.000Z","005Dm000000nnayIAA","2023-02-24T16:04:45.000Z","005Dm000000nnayIAA","","","","a3YDm000000GuCVMA0","a16Dm000000MOiGIAW","42443023751760660"
"a3gDm000000g1XSIAY","","a5yDm00000008aZ","2023-02-24T16:04:45.000Z","005Dm000000nnayIAA","2023-02-24T16:04:45.000Z","005Dm000000nnayIAA","","","","a3YDm000000GuCYMA0","a16Dm000000MOiHIAW","42931086032069914"
"a3gDm000000g1XTIAY","","a5yDm00000008aY","2023-02-24T16:04:45.000Z","005Dm000000nnayIAA","2023-02-24T16:04:45.000Z","005Dm000000nnayIAA","","","","a3YDm000000GuCXMA0","a16Dm000000MOiIIAW","42346688959118203"
"a3gDm000000g1XUIAY","","a5yDm00000008aa","2023-02-24T16:04:45.000Z","005Dm000000nnayIAA","2023-02-24T16:04:45.000Z","005Dm000000nnayIAA","","","","a3YDm000000GuCZMA0","a16Dm000000MOiJIAW","42133824810114486"
"a3gDm000000g1XVIAY","","TotalCurrentAssetsCommTemplate","2023-02-24T16:04:45.000Z","005Dm000000nnayIAA","2023-02-24T16:04:45.000Z","005Dm000000nnayIAA","","","","a3YDm000000GuCeMAK","a16Dm000000MOiKIAW","42037145380991856"
"a3gDm000000g1XWIAY","","a5yDm00000008bx","2023-02-24T16:04:45.000Z","005Dm000000nnayIAA","2023-02-24T16:04:45.000Z","005Dm000000nnayIAA","","","","a3YDm000000GuCkMAK","a16Dm000000MOiLIAW","42149197869786249"
"a3gDm000000g1XXIAY","","a5yDm00000008ab","2023-02-24T16:04:45.000Z","005Dm000000nnayIAA","2023-02-24T16:04:45.000Z","005Dm000000nnayIAA","","","","a3YDm000000GuClMAK","a16Dm000000MOiMIAW","42932715326669137"
"a3gDm000000g1XYIAY","","a5yDm00000008by","2023-02-24T16:04:45.000Z","005Dm000000nnayIAA","2023-02-24T16:04:45.000Z","005Dm000000nnayIAA","","","","a3YDm000000GuCpMAK","a16Dm000000MOiNIAW","42833491158731522"
"a3gDm000000g1XZIAY","","a5yDm00000008ac","2023-02-24T16:04:45.000Z","005Dm000000nnayIAA","2023-02-24T16:04:45.000Z","005Dm000000nnayIAA","","","","a3YDm000000GuCqMAK","a16Dm000000MOiOIAW","42720960249828951"
"a3gDm000000g1XaIAI","","a5yDm00000008ad","2023-02-24T16:04:45.000Z","005Dm000000nnayIAA","2023-02-24T16:04:45.000Z","005Dm000000nnayIAA","","","","a3YDm000000GuCrMAK","a16Dm000000MOiPIAW","42662665356435431"
"a3gDm000000g1XbIAI","","a5yDm00000008ae","2023-02-24T16:04:45.000Z","005Dm000000nnayIAA","2023-02-24T16:04:45.000Z","005Dm000000nnayIAA","","","","a3YDm000000GuCsMAK","a16Dm000000MOiQIAW","42291240432372723"
"a3gDm000000g1XcIAI","","a5yDm00000008bB","2023-02-24T16:04:45.000Z","005Dm000000nnayIAA","2023-02-24T16:04:45.000Z","005Dm000000nnayIAA","","","","a3YDm000000GuCtMAK","a16Dm000000MOiRIAW","42779608373965270"
"a3gDm000000g1XdIAI","","a5yDm00000008bC","2023-02-24T16:04:45.000Z","005Dm000000nnayIAA","2023-02-24T16:04:45.000Z","005Dm000000nnayIAA","","","","a3YDm000000GuCAMA0","a16Dm000000MOiTIAW","42238371202919862"
"a3gDm000000g1XeIAI","","a5yDm00000008bX","2023-02-24T16:04:45.000Z","005Dm000000nnayIAA","2023-02-24T16:04:45.000Z","005Dm000000nnayIAA","","","","a3YDm000000GuCwMAK","a16Dm000000MOiUIAW","42916178846601326"
"a3gDm000000g1XfIAI","","a5yDm00000008bY","2023-02-24T16:04:45.000Z","005Dm000000nnayIAA","2023-02-24T16:04:45.000Z","005Dm000000nnayIAA","","","","a3YDm000000GuCxMAK","a16Dm000000MOiVIAW","42596552142287440"
"a3gDm000000g1XgIAI","","a5yDm00000008bZ","2023-02-24T16:04:45.000Z","005Dm000000nnayIAA","2023-02-24T16:04:45.000Z","005Dm000000nnayIAA","","","","a3YDm000000GuCyMAK","a16Dm000000MOiWIAW","42585124782930901"
"a3gDm000000g1XhIAI","","a5yDm00000008ba","2023-02-24T16:04:45.000Z","005Dm000000nnayIAA","2023-02-24T16:04:45.000Z","005Dm000000nnayIAA","","","","a3YDm000000GuCzMAK","a16Dm000000MOiXIAW","42678308871562077"
"a3gDm000000g1XiIAI","","a5yDm00000008bb","2023-02-24T16:04:45.000Z","005Dm000000nnayIAA","2023-02-24T16:04:45.000Z","005Dm000000nnayIAA","","","","a3YDm000000GuD0MAK","a16Dm000000MOiYIAW","42550087076978794"
"a3gDm000000g1XjIAI","","a5yDm00000008bc","2023-02-24T16:04:45.000Z","005Dm000000nnayIAA","2023-02-24T16:04:45.000Z","005Dm000000nnayIAA","","","","a3YDm000000GuD1MAK","a16Dm000000MOiZIAW","42620830718153513"
"a3gDm000000g1XkIAI","","a5yDm00000008bd","2023-02-24T16:04:45.000Z","005Dm000000nnayIAA","2023-02-24T16:04:45.000Z","005Dm000000nnayIAA","","","","a3YDm000000GuD2MAK","a16Dm000000MOiaIAG","42720169174180903"
"a3gDm000000g1XlIAI","","a5yDm00000008be","2023-02-24T16:04:45.000Z","005Dm000000nnayIAA","2023-02-24T16:04:45.000Z","005Dm000000nnayIAA","","","","a3YDm000000GuD4MAK","a16Dm000000MOibIAG","42205146110509870"
"a3gDm000000g1XmIAI","","a5yDm00000008bi","2023-02-24T16:04:45.000Z","005Dm000000nnayIAA","2023-02-24T16:04:45.000Z","005Dm000000nnayIAA","","","","a3YDm000000GuD7MAK","a16Dm000000MOifIAG","42888873197907197"
"a3gDm000000g1XnIAI","","a5yDm00000008bf","2023-02-24T16:04:45.000Z","005Dm000000nnayIAA","2023-02-24T16:04:45.000Z","005Dm000000nnayIAA","","","","a3YDm000000GuD5MAK","a16Dm000000MOicIAG","42518439608106287"
"a3gDm000000g1XoIAI","","a5yDm00000008bg","2023-02-24T16:04:45.000Z","005Dm000000nnayIAA","2023-02-24T16:04:45.000Z","005Dm000000nnayIAA","","","","a3YDm000000GuD6MAK","a16Dm000000MOidIAG","42880117195943292"
"a3gDm000000g1XpIAI","","a5yDm00000008bh","2023-02-24T16:04:45.000Z","005Dm000000nnayIAA","2023-02-24T16:04:45.000Z","005Dm000000nnayIAA","","","","a3YDm000000GuD3MAK","a16Dm000000MOieIAG","42692580452968380"
"a3gDm000000g1XqIAI","","a5yDm00000008bj","2023-02-24T16:04:45.000Z","005Dm000000nnayIAA","2023-02-24T16:04:45.000Z","005Dm000000nnayIAA","","","","a3YDm000000GuDKMA0","a16Dm000000MOigIAG","42804739473692557"
"a3gDm000000g1XrIAI","","a5yDm00000008bk","2023-02-24T16:04:45.000Z","005Dm000000nnayIAA","2023-02-24T16:04:45.000Z","005Dm000000nnayIAA","","","","a3YDm000000GuD8MAK","a16Dm000000MOiiIAG","42941547280456239"
"a3gDm000000g1XsIAI","","a5yDm00000008bl","2023-02-24T16:04:45.000Z","005Dm000000nnayIAA","2023-02-24T16:04:45.000Z","005Dm000000nnayIAA","","","","a3YDm000000GuD9MAK","a16Dm000000MOihIAG","42838869079114343"
"a3gDm000000g1XtIAI","","a5yDm00000008bm","2023-02-24T16:04:45.000Z","005Dm000000nnayIAA","2023-02-24T16:04:45.000Z","005Dm000000nnayIAA","","","","a3YDm000000GuDAMA0","a16Dm000000MOijIAG","42959058255230399"
"a3gDm000000g1XuIAI","","a5yDm00000008bn","2023-02-24T16:04:45.000Z","005Dm000000nnayIAA","2023-02-24T16:04:45.000Z","005Dm000000nnayIAA","","","","a3YDm000000GuDBMA0","a16Dm000000MOikIAG","42861412889996166"
"a3gDm000000g1XvIAI","","a5yDm00000008bp","2023-02-24T16:04:45.000Z","005Dm000000nnayIAA","2023-02-24T16:04:45.000Z","005Dm000000nnayIAA","","","","a3YDm000000GuDCMA0","a16Dm000000MOilIAG","42457161800407689"
"a3gDm000000g1XwIAI","","a5yDm00000008bq","2023-02-24T16:04:45.000Z","005Dm000000nnayIAA","2023-02-24T16:04:45.000Z","005Dm000000nnayIAA","","","","a3YDm000000GuDDMA0","a16Dm000000MOimIAG","42218888450924836"
"a3gDm000000g1XxIAI","","a5yDm00000008br","2023-02-24T16:04:45.000Z","005Dm000000nnayIAA","2023-02-24T16:04:45.000Z","005Dm000000nnayIAA","","","","a3YDm000000GuDEMA0","a16Dm000000MOinIAG","42727264457972057"
"a3gDm000000g1XyIAI","","a5yDm00000008bo","2023-02-24T16:04:45.000Z","005Dm000000nnayIAA","2023-02-24T16:04:45.000Z","005Dm000000nnayIAA","","","","a3YDm000000GuDFMA0","a16Dm000000MOioIAG","42827344442908137"
"a3gDm000000g1XzIAI","","a5yDm00000008bs","2023-02-24T16:04:45.000Z","005Dm000000nnayIAA","2023-02-24T16:04:45.000Z","005Dm000000nnayIAA","","","","a3YDm000000GuDGMA0","a16Dm000000MOipIAG","42331993886865543"
"a3gDm000000g1Y0IAI","","a5yDm00000008bt","2023-02-24T16:04:45.000Z","005Dm000000nnayIAA","2023-02-24T16:04:45.000Z","005Dm000000nnayIAA","","","","a3YDm000000GuCuMAK","a16Dm000000MOirIAG","42505602067133984"
"a3gDm000000g1Y1IAI","","a5yDm00000008bu","2023-02-24T16:04:45.000Z","005Dm000000nnayIAA","2023-02-24T16:04:45.000Z","005Dm000000nnayIAA","","","","a3YDm000000GuDHMA0","a16Dm000000MOj1IAG","42253819454577677"
"a3gDm000000g1Y2IAI","","a5yDm00000008bv","2023-02-24T16:04:45.000Z","005Dm000000nnayIAA","2023-02-24T16:04:45.000Z","005Dm000000nnayIAA","","","","a3YDm000000GuDIMA0","a16Dm000000MOiyIAG","42406503616030283"
"a3gDm000000g1Y3IAI","","Loan to Value","2023-02-24T16:04:45.000Z","005Dm000000nnayIAA","2023-02-24T16:04:45.000Z","005Dm000000nnayIAA","","","","a3YDm000000GuDeMAK","a16Dm000000MOk2IAG","Lkadjsdfhasdkljfhaskjh23"
"a3gDm000000g1Y4IAI","","Max Loan Policy LTV","2023-02-24T16:04:45.000Z","005Dm000000nnayIAA","2023-02-24T16:04:45.000Z","005Dm000000nnayIAA","","","","a3YDm000000GuDfMAK","a16Dm000000MOk3IAG","Lkadjsdfhasdkljfhaskjh24"
"a3gDm000000g1Y5IAI","","Potential Gross Income","2023-02-24T16:04:45.000Z","005Dm000000nnayIAA","2023-02-24T16:04:45.000Z","005Dm000000nnayIAA","","","","a3YDm000000GuDgMAK","a16Dm000000MOjvIAG","Lkadjsdfhasdkljfhaskjh15"
"a3gDm000000g1Y6IAI","","Total Vacancy Amount","2023-02-24T16:04:45.000Z","005Dm000000nnayIAA","2023-02-24T16:04:45.000Z","005Dm000000nnayIAA","","","","a3YDm000000Gu9XMAS","a16Dm000000MOjwIAG","Lkadjsdfhasdkljfhaskjh16"
"a3gDm000000g1Y7IAI","","Effective Gross Income","2023-02-24T16:04:45.000Z","005Dm000000nnayIAA","2023-02-24T16:04:45.000Z","005Dm000000nnayIAA","","","","a3YDm000000GuDhMAK","a16Dm000000MOjxIAG","Lkadjsdfhasdkljfhaskjh17"
"a3gDm000000g1Y8IAI","","Total Operating Expenses","2023-02-24T16:04:45.000Z","005Dm000000nnayIAA","2023-02-24T16:04:45.000Z","005Dm000000nnayIAA","","","","a3YDm000000GuDiMAK","a16Dm000000MOjqIAG","Lkadjsdfhasdkljfhaskjh18"
"a3gDm000000g1Y9IAI","","Cash Flow After Debt Service","2023-02-24T16:04:45.000Z","005Dm000000nnayIAA","2023-02-24T16:04:45.000Z","005Dm000000nnayIAA","","","","a3YDm000000GuDjMAK","a16Dm000000MOjzIAG","Lkadjsdfhasdkljfhaskjh20"
"a3gDm000000g1YAIAY","","Net Operating Income","2023-02-24T16:04:45.000Z","005Dm000000nnayIAA","2023-02-24T16:04:45.000Z","005Dm000000nnayIAA","","","","a3YDm000000GuDkMAK","a16Dm000000MOjyIAG","Lkadjsdfhasdkljfhaskjh19"
"a3gDm000000g1YBIAY","","Debt Service Coverage Ratio","2023-02-24T16:04:45.000Z","005Dm000000nnayIAA","2023-02-24T16:04:45.000Z","005Dm000000nnayIAA","","","","a3YDm000000GuDlMAK","a16Dm000000MOk0IAG","Lkadjsdfhasdkljfhaskjh21"
"a3gDm000000g1YCIAY","","Estimated Value","2023-02-24T16:04:45.000Z","005Dm000000nnayIAA","2023-02-24T16:04:45.000Z","005Dm000000nnayIAA","","","","a3YDm000000GuDmMAK","a16Dm000000MOk1IAG","Lkadjsdfhasdkljfhaskjh22"
"a3gDm000000g1YDIAY","","Max Annual Payment Given Policy DSCR","2023-02-24T16:04:45.000Z","005Dm000000nnayIAA","2023-02-24T16:04:45.000Z","005Dm000000nnayIAA","","","","a3YDm000000GuDnMAK","a16Dm000000MOk4IAG","Lkadjsdfhasdkljfhaskjh25"
"a3gDm000000g1YEIAY","","Max Loan Given Policy DSCR","2023-02-24T16:04:45.000Z","005Dm000000nnayIAA","2023-02-24T16:04:45.000Z","005Dm000000nnayIAA","","","","a3YDm000000GuDoMAK","a16Dm000000MOk5IAG","Lkadjsdfhasdkljfhaskjh26"
"a3gDm000000g1YFIAY","","Debt Service Coverage Ratio","2023-02-24T16:04:45.000Z","005Dm000000nnayIAA","2023-02-24T16:04:45.000Z","005Dm000000nnayIAA","","","","a3YDm000000GuDlMAK","a16Dm000000MOk9IAG","Lkadjsdfhasdkljfhaskjh30"
"a3gDm000000g1YGIAY","","Cf After DS","2023-02-24T16:04:45.000Z","005Dm000000nnayIAA","2023-02-24T16:04:45.000Z","005Dm000000nnayIAA","","","","a3YDm000000GuDjMAK","a16Dm000000MOklIAG","Lkadjsdfhasdkljfhaskjh27"
"a3gDm000000g1YHIAY","","Net Operating Income","2023-02-24T16:04:45.000Z","005Dm000000nnayIAA","2023-02-24T16:04:45.000Z","005Dm000000nnayIAA","","","","a3YDm000000GuDkMAK","a16Dm000000MOkBIAW","Lkadjsdfhasdkljfhaskjh28"
"a3gDm000000g1YIIAY","","Cash Flow After Debt Service","2023-02-24T16:04:45.000Z","005Dm000000nnayIAA","2023-02-24T16:04:45.000Z","005Dm000000nnayIAA","","","","a3YDm000000GuDjMAK","a16Dm000000MOkCIAW","Lkadjsdfhasdkljfhaskjh29"
"a3gDm000000g1YJIAY","","Estimated Value","2023-02-24T16:04:45.000Z","005Dm000000nnayIAA","2023-02-24T16:04:45.000Z","005Dm000000nnayIAA","","","","a3YDm000000GuDmMAK","a16Dm000000MOkDIAW","Lkadjsdfhasdkljfhaskjh31"
"a3gDm000000g1YKIAY","","Loan to Value","2023-02-24T16:04:45.000Z","005Dm000000nnayIAA","2023-02-24T16:04:45.000Z","005Dm000000nnayIAA","","","","a3YDm000000GuDeMAK","a16Dm000000MOkEIAW","Lkadjsdfhasdkljfhaskjh32"
"a3gDm000000g1YLIAY","","Max Loan Policy LTV","2023-02-24T16:04:45.000Z","005Dm000000nnayIAA","2023-02-24T16:04:45.000Z","005Dm000000nnayIAA","","","","a3YDm000000GuDfMAK","a16Dm000000MOkFIAW","Lkadjsdfhasdkljfhaskjh33"
"a3gDm000000g1YMIAY","","Max Annual Payment Given Policy DSCR","2023-02-24T16:04:45.000Z","005Dm000000nnayIAA","2023-02-24T16:04:45.000Z","005Dm000000nnayIAA","","","","a3YDm000000GuDnMAK","a16Dm000000MOkGIAW","Lkadjsdfhasdkljfhaskjh34"
"a3gDm000000g1YNIAY","","Max Loan Given Policy DSCR","2023-02-24T16:04:45.000Z","005Dm000000nnayIAA","2023-02-24T16:04:45.000Z","005Dm000000nnayIAA","","","","a3YDm000000GuDoMAK","a16Dm000000MOkHIAW","Lkadjsdfhasdkljfhaskjh35"
"a3gDm000000g1YOIAY","","Potential Gross Income","2023-02-24T16:04:45.000Z","005Dm000000nnayIAA","2023-02-24T16:04:45.000Z","005Dm000000nnayIAA","","","","a3YDm000000GuDgMAK","a16Dm000000MOk6IAG","Lkadjsdfhasdkljfhaskjh36"
"a3gDm000000g1YPIAY","","Total Vacancy Amount","2023-02-24T16:04:45.000Z","005Dm000000nnayIAA","2023-02-24T16:04:45.000Z","005Dm000000nnayIAA","","","","a3YDm000000Gu9XMAS","a16Dm000000MOk7IAG","Lkadjsdfhasdkljfhaskjh37"
"a3gDm000000g1YQIAY","","Effective Gross Income","2023-02-24T16:04:45.000Z","005Dm000000nnayIAA","2023-02-24T16:04:45.000Z","005Dm000000nnayIAA","","","","a3YDm000000GuDhMAK","a16Dm000000MOk8IAG","Lkadjsdfhasdkljfhaskjh38"
"a3gDm000000g1YRIAY","","Total Operating Expenses","2023-02-24T16:04:45.000Z","005Dm000000nnayIAA","2023-02-24T16:04:45.000Z","005Dm000000nnayIAA","","","","a3YDm000000GuDiMAK","a16Dm000000MOkAIAW","Lkadjsdfhasdkljfhaskjh39"
"a3gDm000000g1YSIAY","","Potential Gross Income","2023-02-24T16:04:45.000Z","005Dm000000nnayIAA","2023-02-24T16:04:45.000Z","005Dm000000nnayIAA","","","","a3YDm000000GuDgMAK","a16Dm000000MOkIIAW","Lkadjsdfhasdkljfhaskjh40"
"a3gDm000000g1YTIAY","","Total Vacancy Amount","2023-02-24T16:04:45.000Z","005Dm000000nnayIAA","2023-02-24T16:04:45.000Z","005Dm000000nnayIAA","","","","a3YDm000000Gu9XMAS","a16Dm000000MOkJIAW","Lkadjsdfhasdkljfhaskjh41"
"a3gDm000000g1YUIAY","","Effective Gross Income","2023-02-24T16:04:45.000Z","005Dm000000nnayIAA","2023-02-24T16:04:45.000Z","005Dm000000nnayIAA","","","","a3YDm000000GuDhMAK","a16Dm000000MOkKIAW","Lkadjsdfhasdkljfhaskjh42"
"a3gDm000000g1YVIAY","","Total Operating Expenses","2023-02-24T16:04:45.000Z","005Dm000000nnayIAA","2023-02-24T16:04:45.000Z","005Dm000000nnayIAA","","","","a3YDm000000GuDiMAK","a16Dm000000MOkLIAW","Lkadjsdfhasdkljfhaskjh43"
"a3gDm000000g1YWIAY","","Net Operating Income","2023-02-24T16:04:45.000Z","005Dm000000nnayIAA","2023-02-24T16:04:45.000Z","005Dm000000nnayIAA","","","","a3YDm000000GuDkMAK","a16Dm000000MOkMIAW","Lkadjsdfhasdkljfhaskjh44"
"a3gDm000000g1YXIAY","","Cash Flow After Debt Service","2023-02-24T16:04:45.000Z","005Dm000000nnayIAA","2023-02-24T16:04:45.000Z","005Dm000000nnayIAA","","","","a3YDm000000GuDjMAK","a16Dm000000MOkNIAW","Lkadjsdfhasdkljfhaskjh45"
"a3gDm000000g1YYIAY","","Debt Service Coverage Ratio","2023-02-24T16:04:45.000Z","005Dm000000nnayIAA","2023-02-24T16:04:45.000Z","005Dm000000nnayIAA","","","","a3YDm000000GuDlMAK","a16Dm000000MOkOIAW","Lkadjsdfhasdkljfhaskjh46"
"a3gDm000000g1YZIAY","","Estimated Value","2023-02-24T16:04:45.000Z","005Dm000000nnayIAA","2023-02-24T16:04:45.000Z","005Dm000000nnayIAA","","","","a3YDm000000GuDmMAK","a16Dm000000MOkPIAW","Lkadjsdfhasdkljfhaskjh47"
"a3gDm000000g1YaIAI","","Loan to Value","2023-02-24T16:04:45.000Z","005Dm000000nnayIAA","2023-02-24T16:04:45.000Z","005Dm000000nnayIAA","","","","a3YDm000000GuDeMAK","a16Dm000000MOkRIAW","Lkadjsdfhasdkljfhaskjh48"
"a3gDm000000g1YbIAI","","Max Loan Policy LTV","2023-02-24T16:04:45.000Z","005Dm000000nnayIAA","2023-02-24T16:04:45.000Z","005Dm000000nnayIAA","","","","a3YDm000000GuDfMAK","a16Dm000000MOkSIAW","Lkadjsdfhasdkljfhaskjh49"
"a3gDm000000g1YcIAI","","Max Annual Payment Given Policy DSCR","2023-02-24T16:04:45.000Z","005Dm000000nnayIAA","2023-02-24T16:04:45.000Z","005Dm000000nnayIAA","","","","a3YDm000000GuDnMAK","a16Dm000000MOkTIAW","Lkadjsdfhasdkljfhaskjh50"
"a3gDm000000g1YdIAI","","Max Loan Given Policy DSCR","2023-02-24T16:04:45.000Z","005Dm000000nnayIAA","2023-02-24T16:04:45.000Z","005Dm000000nnayIAA","","","","a3YDm000000GuDoMAK","a16Dm000000MOkQIAW","Lkadjsdfhasdkljfhaskjh51"
"a3gDm000000g1YeIAI","","REVPAR","2023-02-24T16:04:45.000Z","005Dm000000nnayIAA","2023-02-24T16:04:45.000Z","005Dm000000nnayIAA","","","","a3YDm000000GuDpMAK","a16Dm000000MOkWIAW","Lkadjsdfhasdkljfhaskjh52"
"a3gDm000000g1YfIAI","","Debt Service Coverage Ratio","2023-02-24T16:04:45.000Z","005Dm000000nnayIAA","2023-02-24T16:04:45.000Z","005Dm000000nnayIAA","","","","a3YDm000000GuDlMAK","a16Dm000000MOkXIAW","Lkadjsdfhasdkljfhaskjh53"
"a3gDm000000g1YgIAI","","Total Occupancy Percentage","2023-02-24T16:04:45.000Z","005Dm000000nnayIAA","2023-02-24T16:04:45.000Z","005Dm000000nnayIAA","","","","a3YDm000000GuDqMAK","a16Dm000000MOkUIAW","Lkadjsdfhasdkljfhaskjh54"
"a3gDm000000g1YhIAI","","Estimated Value","2023-02-24T16:04:45.000Z","005Dm000000nnayIAA","2023-02-24T16:04:45.000Z","005Dm000000nnayIAA","","","","a3YDm000000GuDmMAK","a16Dm000000MOkVIAW","Lkadjsdfhasdkljfhaskjh55"
"a3gDm000000g1YiIAI","","Debt Service","2023-02-24T16:04:45.000Z","005Dm000000nnayIAA","2023-02-24T16:04:45.000Z","005Dm000000nnayIAA","","","","a3YDm000000Gu9VMAS","a16Dm000000MOkjIAG","Lkadjsdfhasdkljfhaskjh56"
"a3gDm000000g1YjIAI","","Gross Hotel Revenue","2023-02-24T16:04:45.000Z","005Dm000000nnayIAA","2023-02-24T16:04:45.000Z","005Dm000000nnayIAA","","","","a3YDm000000GuDrMAK","a16Dm000000MOkdIAG","Lkadjsdfhasdkljfhaskjh57"
"a3gDm000000g1YkIAI","","Effective Gross Income","2023-02-24T16:04:45.000Z","005Dm000000nnayIAA","2023-02-24T16:04:45.000Z","005Dm000000nnayIAA","","","","a3YDm000000GuDhMAK","a16Dm000000MOkeIAG","Lkadjsdfhasdkljfhaskjh58"
"a3gDm000000g1YlIAI","","Total Operating Expenses","2023-02-24T16:04:45.000Z","005Dm000000nnayIAA","2023-02-24T16:04:45.000Z","005Dm000000nnayIAA","","","","a3YDm000000GuDiMAK","a16Dm000000MOkfIAG","Lkadjsdfhasdkljfhaskjh59"
"a3gDm000000g1YmIAI","","Net Operating Income","2023-02-24T16:04:45.000Z","005Dm000000nnayIAA","2023-02-24T16:04:45.000Z","005Dm000000nnayIAA","","","","a3YDm000000GuDkMAK","a16Dm000000MOkgIAG","Lkadjsdfhasdkljfhaskjh60"
"a3gDm000000g1YnIAI","","Total Departmental Expenses","2023-02-24T16:04:45.000Z","005Dm000000nnayIAA","2023-02-24T16:04:45.000Z","005Dm000000nnayIAA","","","","a3YDm000000GuDsMAK","a16Dm000000MOkaIAG","Lkadjsdfhasdkljfhaskjh61"
"a3gDm000000g1YoIAI","","Loan to Value","2023-02-24T16:04:45.000Z","005Dm000000nnayIAA","2023-02-24T16:04:45.000Z","005Dm000000nnayIAA","","","","a3YDm000000GuDeMAK","a16Dm000000MOkiIAG","Lkadjsdfhasdkljfhaskjh62"
